2024-06-30 11:30:16, Saved game price list: ApplyDate: Sun Jun 30 11:30:16 ICT 2024, Name: Ruby, BuyPrice: 2000.00, SellPrice: 2000.00
71, Update game price list:ID , ApplyDate: 2024-06-30 14:24:30.516, Name: Ruby, BuyPrice: 40000.00, SellPrice: 50000.00
70, Update game price list:, ApplyDate: 2024-06-30 14:26:04.488, Name: Ruby, BuyPrice: 1211212.00, SellPrice: 2323.00
70, Update game price list: , ApplyDate: 2024-06-30 15:04:03.190, BuyPrice: 1211212.00, SellPrice: 2323.00
70, Update game price list: , ApplyDate: 2024-06-30 15:04:28.894, BuyPrice: 1211212.00, SellPrice: 2323.00
70, Update game price list: , ApplyDate: 2024-06-30 15:12:02.179, BuyPrice: 1211212.00, SellPrice: 2323.00
38, Update game price list: , ApplyDate: 2024-07-05 11:22:58.276, BuyPrice: 1300.00, SellPrice: 1500.00
39, Update game price list: , ApplyDate: 2024-07-09 16:44:37.827, BuyPrice: 1100.00, SellPrice: 1200.00
35, Update game price list: , ApplyDate: 2024-07-09 16:44:45.492, BuyPrice: 2100.00, SellPrice: 2500.00
40, Update game price list: , ApplyDate: 2024-07-09 16:53:27.708, BuyPrice: 2100.00, SellPrice: 2500.00
42, Update game price list: , ApplyDate: 2024-07-09 17:02:02.782, BuyPrice: 1000.00, SellPrice: 1750.00
42, Update game price list: , ApplyDate: 2024-07-09 17:28:19.570, BuyPrice: 1000.00, SellPrice: 1750.00
42, Update game price list: , ApplyDate: 2024-07-09 17:28:36.574, BuyPrice: 1000.00, SellPrice: 1750.00
42, Update game price list: , ApplyDate: 2024-07-09 17:37:15.372, BuyPrice: 1100.00, SellPrice: 1750.00
42, Update game price list: , ApplyDate: 2024-07-09 17:58:24.809, BuyPrice: 1100.00, SellPrice: 1750.00
4, Update game price list: , ApplyDate: 2024-07-09 17:58:29.513, BuyPrice: 2500.00, SellPrice: 3750.00
22, Update game price list: , ApplyDate: 2024-07-09 17:58:33.609, BuyPrice: 2750.00, SellPrice: 3000.00
48, Saved game price list:ID, ApplyDate: 2024-07-09 21:25:40, BuyPrice: 3333.00, SellPrice: 3334.00
45, Update game price list: , ApplyDate: 2024-07-09 21:26:04, BuyPrice: 1345.00, SellPrice: 2456.00
50, Saved game price list:ID, ApplyDate: 2024-07-10 00:15:44, BuyPrice: 68700.00, SellPrice: 68790.00
51, Saved game price list:ID, ApplyDate: 2024-07-10 00:18:48, BuyPrice: 22990.00, SellPrice: 23110.00
52, Saved game price list:ID, ApplyDate: 2024-07-10 00:24:13, BuyPrice: 60485.00, SellPrice: 61470.00
50, Update game price list: , ApplyDate: 2024-07-10 00:29:32, BuyPrice: 53000.00, SellPrice: 54500.00
52, Update game price list: , ApplyDate: 2024-07-10 00:30:50, BuyPrice: 41200.00, SellPrice: 43200.00
53, Saved game price list:ID, ApplyDate: 2024-07-10 00:32:41, BuyPrice: 67700.00, SellPrice: 68800.00
54, Saved game price list:ID, ApplyDate: 2024-07-10 00:33:56, BuyPrice: 43300.00, SellPrice: 44600.00
55, Saved game price list:ID, ApplyDate: 2024-07-10 00:34:58, BuyPrice: 29700.00, SellPrice: 31100.00
56, Saved game price list:ID, ApplyDate: 2024-07-10 00:36:04, BuyPrice: 18300.00, SellPrice: 19400.00
57, Saved game price list:ID, ApplyDate: 2024-07-10 00:37:55, BuyPrice: 21350.00, SellPrice: 23000.00
58, Saved game price list:ID, ApplyDate: 2024-07-10 00:38:54, BuyPrice: 45100.00, SellPrice: 46500.00
59, Saved game price list:ID, ApplyDate: 2024-07-10 00:39:51, BuyPrice: 27090.00, SellPrice: 28700.00
60, Saved game price list:ID, ApplyDate: 2024-07-10 00:41:20, BuyPrice: 36620.00, SellPrice: 37500.00
61, Saved game price list:ID, ApplyDate: 2024-07-10 00:42:38, BuyPrice: 44010.00, SellPrice: 45100.00
62, Saved game price list:ID, ApplyDate: 2024-07-10 00:43:24, BuyPrice: 15000.00, SellPrice: 16150.00
63, Saved game price list:ID, ApplyDate: 2024-07-10 00:44:26, BuyPrice: 116450.00, SellPrice: 118100.00
64, Saved game price list:ID, ApplyDate: 2024-07-10 00:45:50, BuyPrice: 36200.00, SellPrice: 37700.00
